日期,本地时间,服务器时间,交易所时间,万得代码,原始代码,业务发生日(自然日), 委托号, 委托价格, 委托数量, 委托类别, 委托代码, 经纪商编码, 委托状态, 标志
20160913,135448054,135448054,135327000,430002.PT,430002,20160913,99996049,101900,10000,66(B),0( ),720800,49(1),32( )
20160913,135448054,135448054,133227000,430004.PT,430004,20160913,99996287,15500,55000,83(S),0( ),725300,49(1),32( )
20160913,135448054,135448054,135334000,430005.PT,430005,20160913,99996048,245000,10000,83(S),0( ),721700,49(1),32( )
20160913,135448054,135448054,132613000,430009.PT,430009,20160913,99996349,40800,20000,66(B),0( ),721200,49(1),32( )
20160913,135448054,135448054,131902000,430010.PT,430010,20160913,99996446,35700,9000,83(S),0( ),728010,49(1),32( )
20160913,135448054,135448054,111343000,430015.PT,430015,20160913,99996907,50000,19000,83(S),0( ),727700,49(1),32( )
20160913,135448054,135448054,111353000,430016.PT,430016,20160913,99996905,44600,17000,83(S),0( ),721800,49(1),32( )
20160913,135448054,135448054,100025000,430017.PT,430017,20160913,99998099,175000,1000,66(B),0( ),720100,49(1),32( )
20160913,135448054,135448054,130003000,430025.PT,430025,20160913,99996642,40000,2000,83(S),0( ),721800,49(1),32( )
20160913,135448054,135448054,100944000,430028.PT,430028,20160913,99997849,40000,5000,83(S),0( ),722700,49(1),32( )
20160913,135448054,135448054,103346000,430047.PT,430047,20160913,99997423,175000,2000,83(S),0( ),720300,49(1),32( )
20160913,135448054,135448054,110328000,430048.PT,430048,20160913,99997032,36000,40000,83(S),0( ),720700,49(1),32( )
20160913,135448054,135448054,111521000,430056.PT,430056,20160913,99996886,58000,10000,66(B),0( ),722900,49(1),32( )
20160913,135448054,135448054,111210000,430061.PT,430061,20160913,99996928,39900,4000,83(S),0( ),722500,49(1),32( )
20160913,135448054,135448054,132154000,430064.PT,430064,20160913,99996407,31400,9000,83(S),0( ),728010,49(1),32( )
20160913,135448054,135448054,133103000,430092.PT,430092,20160913,99996298,110000,3000,83(S),0( ),720100,49(1),32( )
20160913,135448054,135448054,131238000,430095.PT,430095,20160913,99996505,1000,6000,66(B),0( ),725300,49(1),32( )
20160913,135448054,135448054,134840000,430102.PT,430102,20160913,99996106,10000,2000,66(B),0( ),721700,49(1),32( )
20160913,135448054,135448054,104155000,430107.PT,430107,20160913,99997312,260000,10000,83(S),0( ),721100,49(1),32( )
20160913,135448054,135448054,111403000,430123.PT,430123,20160913,99996903,35600,3400,83(S),0( ),721800,49(1),32( )
20160913,135448054,135448054,131940000,430127.PT,430127,20160913,99996433,120000,20000,83(S),0( ),723200,49(1),32( )
20160913,135448054,135448054,134005000,430134.PT,430134,20160913,99996186,10000,1000,66(B),0( ),721700,49(1),32( )
20160913,135448054,135448054,105551000,430137.PT,430137,20160913,99997145,80000,140000,83(S),0( ),721100,49(1),32( )
20160913,135448054,135448054,132300000,430143.PT,430143,20160913,99996392,20000,30000,83(S),0( ),720300,49(1),32( )
20160913,135448055,135448055,105642000,430146.PT,430146,20160913,99997131,40000,19000,83(S),0( ),721700,49(1),32( )
20160913,135448055,135448055,133819000,430156.PT,430156,20160913,99996207,110000,3000,66(B),0( ),723200,49(1),32( )
20160913,135448055,135448055,110349000,430168.PT,430168,20160913,99997026,89000,10710,83(S),0( ),720700,49(1),32( )
20160913,135448055,135448055,101239000,430170.PT,430170,20160913,99997787,38000,10000,83(S),0( ),725300,49(1),32( )
20160913,135448055,135448055,133834000,430173.PT,430173,20160913,99996204,152800,1000,66(B),0( ),721100,49(1),32( )
20160913,135448055,135448055,134111000,430178.PT,430178,20160913,99996169,269800,5000,83(S),0( ),721800,49(1),32( )
20160913,135448055,135448055,131749000,430182.PT,430182,20160913,99996454,75000,10000,66(B),0( ),720800,49(1),32( )
20160913,135448055,135448055,130000000,430184.PT,430184,20160913,99996710,25000,20000,83(S),0( ),726400,49(1),32( )
20160913,135448055,135448055,110909000,430188.PT,430188,20160913,99996965,10000,20000,66(B),0( ),721700,49(1),32( )
20160913,135448055,135448055,100219000,430197.PT,430197,20160913,99998045,60000,5000,83(S),0( ),720200,49(1),32( )
20160913,135448055,135448055,95041000,430199.PT,430199,20160913,99998379,120000,10000,83(S),0( ),722400,49(1),32( )
20160913,135448055,135448055,101216000,430200.PT,430200,20160913,99997796,68600,2000,83(S),0( ),721800,49(1),32( )
20160913,135448055,135448055,101431000,430210.PT,430210,20160913,99997753,38800,44000,83(S),0( ),721300,49(1),32( )
20160913,135448055,135448055,94359000,430216.PT,430216,20160913,99998641,485100,1250,83(S),0( ),721000,49(1),32( )
20160913,135448055,135448055,133052000,430230.PT,430230,20160913,99996300,21100,1000,66(B),0( ),726100,49(1),32( )
20160913,135448055,135448055,135041000,430250.PT,430250,20160913,99996081,50000,45000,83(S),0( ),724800,49(1),32( )
20160913,135448055,135448055,102102000,430264.PT,430264,20160913,99997657,15600,3000,83(S),0( ),725000,49(1),32( )
20160913,135448055,135448055,95748000,430269.PT,430269,20160913,99998165,40000,1000,83(S),0( ),720700,49(1),32( )
20160913,135448055,135448055,130000000,430270.PT,430270,20160913,99996714,400000,1000,66(B),0( ),726100,49(1),32( )
20160913,135448055,135448055,102334000,430271.PT,430271,20160913,99997614,58000,30000,83(S),0( ),722100,49(1),32( )
20160913,135448055,135448055,112823000,430278.PT,430278,20160913,99996773,120000,8250,83(S),0( ),720100,49(1),32( )
20160913,135448055,135448055,135202000,430283.PT,430283,20160913,99996070,19000,6000,83(S),0( ),725300,49(1),32( )
20160913,135448055,135448055,110524000,430312.PT,430312,20160913,99997008,10500,10000,66(B),0( ),721700,49(1),32( )
20160913,135448055,135448055,93206000,430320.PT,430320,20160913,99999196,28900,13000,83(S),0( ),720800,49(1),32( )
20160913,135448055,135448055,130000000,430329.PT,430329,20160913,99996737,28000,5000,83(S),0( ),723500,49(1),32( )
20160913,135448055,135448055,102636000,430333.PT,430333,20160913,99997562,120000,280,83(S),0( ),720800,49(1),32( )
20160913,135448055,135448055,110119000,430388.PT,430388,20160913,99997055,50000,34000,83(S),0( ),721700,49(1),32( )
20160913,135448055,135448055,94225000,430393.PT,430393,20160913,99998708,98800,15000,83(S),0( ),721100,49(1),32( )
20160913,135448055,135448055,110011000,430402.PT,430402,20160913,99997074,57600,1000,83(S),0( ),721100,49(1),32( )
20160913,135448055,135448055,93703000,430414.PT,430414,20160913,99998945,40000,10000,83(S),0( ),723700,49(1),32( )
20160913,135448055,135448055,111133000,430421.PT,430421,20160913,99996939,180000,5000,83(S),0( ),723200,49(1),32( )
20160913,135448055,135448055,104621000,430434.PT,430434,20160913,99997255,31800,1000,83(S),0( ),720300,49(1),32( )
20160913,135448055,135448055,105706000,430441.PT,430441,20160913,99997127,55800,2000,83(S),0( ),721700,49(1),32( )
20160913,135448055,135448055,101127000,430443.PT,430443,20160913,99997816,13000,5000,66(B),0( ),726400,49(1),32( )
20160913,135448055,135448055,130916000,430444.PT,430444,20160913,99996541,5000,10000,66(B),0( ),725300,49(1),32( )
20160913,135448055,135448055,133607000,430450.PT,430450,20160913,99996241,22000,200000,83(S),0( ),721100,49(1),32( )
20160913,135448055,135448055,133358000,430456.PT,430456,20160913,99996265,60000,8000,83(S),0( ),721000,49(1),32( )
20160913,135448055,135448055,102214000,430473.PT,430473,20160913,99997640,17000,2000,66(B),0( ),721700,49(1),32( )
20160913,135448055,135448055,134132000,430495.PT,430495,20160913,99996166,55000,2000,83(S),0( ),721700,49(1),32( )
20160913,135448055,135448055,130002000,430509.PT,430509,20160913,99996652,25000,5000,83(S),0( ),721800,49(1),32( )
20160913,135448055,135448055,130004000,430513.PT,430513,20160913,99996629,200000,10000,83(S),0( ),720100,49(1),32( )
20160913,135448055,135448055,130000000,430516.PT,430516,20160913,99996763,84000,5000,83(S),0( ),723900,49(1),32( )
20160913,135448055,135448055,134538000,430521.PT,430521,20160913,99996132,15000,6000,66(B),0( ),721500,49(1),32( )
20160913,135448055,135448055,105533000,430527.PT,430527,20160913,99997148,79800,36000,83(S),0( ),723000,49(1),32( )
20160913,135448055,135448055,133407000,430539.PT,430539,20160913,99996262,99900,1000,83(S),0( ),721700,49(1),32( )
20160913,135448055,135448055,93248000,430551.PT,430551,20160913,99999151,276000,89000,83(S),0( ),727800,49(1),32( )
20160913,135448055,135448055,130000000,430552.PT,430552,20160913,99996712,41500,1000,83(S),0( ),727300,49(1),32( )
20160913,135448055,135448055,111525000,430562.PT,430562,20160913,99996885,51000,3000,83(S),0( ),721800,49(1),32( )
20160913,135448055,135448055,95900000,430616.PT,430616,20160913,99998131,37500,10000,83(S),0( ),722500,49(1),32( )
20160913,135448055,135448055,102152000,430627.PT,430627,20160913,99997647,130000,17000,83(S),0( ),724000,49(1),32( )
20160913,135448055,135448055,93848000,430638.PT,430638,20160913,99998860,191800,2000,83(S),0( ),722900,49(1),32( )
20160913,135448055,135448055,130818000,430639.PT,430639,20160913,99996558,10000,5000,66(B),0( ),725300,49(1),32( )
20160913,135448055,135448055,130001000,430647.PT,430647,20160913,99996686,4000,2000,66(B),0( ),720300,49(1),32( )
20160913,135448055,135448055,102034000,430657.PT,430657,20160913,99997665,28800,50000,66(B),0( ),724600,49(1),32( )
20160913,135448055,135448055,112512000,430659.PT,430659,20160913,99996803,34500,1000,83(S),0( ),721000,49(1),32( )
20160913,135448056,135448056,135001000,430707.PT,430707,20160913,99996090,92200,2000,66(B),0( ),721600,49(1),32( )
20160913,135448056,135448056,130000000,430743.PT,430743,20160913,99996697,83500,2000,83(S),0( ),724800,49(1),32( )
20160913,135448056,135448056,101454000,430748.PT,430748,20160913,99997747,66600,1000,83(S),0( ),721300,49(1),32( )
20160913,135448056,135448056,132410000,430753.PT,430753,20160913,99996382,22000,5000,66(B),0( ),723900,49(1),32( )
20160913,135448056,135448056,95351000,830773.PT,830773,20160913,99998284,13900,15000,83(S),0( ),721700,49(1),32( )
20160913,135448056,135448056,135234000,830774.PT,830774,20160913,99996064,17000,8000,83(S),0( ),724800,49(1),32( )
20160913,135448056,135448056,132157000,830785.PT,830785,20160913,99996406,18800,20000,83(S),0( ),724400,49(1),32( )
20160913,135448056,135448056,135404000,830788.PT,830788,20160913,99996042,10100,2000,66(B),0( ),721100,49(1),32( )
20160913,135448056,135448056,132723000,830790.PT,830790,20160913,99996341,70000,4000,83(S),0( ),721300,49(1),32( )
20160913,135448056,135448056,133705000,830796.PT,830796,20160913,99996223,15500,10000,66(B),0( ),721700,49(1),32( )
20160913,135448056,135448056,101341000,830802.PT,830802,20160913,99997767,7800,1000,66(B),0( ),721200,49(1),32( )
20160913,135448056,135448056,131112000,830806.PT,830806,20160913,99996522,308800,1000,83(S),0( ),720600,49(1),32( )
20160913,135448056,135448056,134005000,830825.PT,830825,20160913,99996185,261000,2000,83(S),0( ),723200,49(1),32( )
20160913,135448056,135448056,111541000,830848.PT,830848,20160913,99996882,130000,16000,83(S),0( ),728130,49(1),32( )
20160913,135448056,135448056,132222000,830852.PT,830852,20160913,99996403,300,30000,66(B),0( ),728010,49(1),32( )
20160913,135448056,135448056,100028000,830859.PT,830859,20160913,99998096,70000,50000,83(S),0( ),720700,49(1),32( )
20160913,135448056,135448056,93934000,830870.PT,830870,20160913,99998826,153000,10000,83(S),0( ),728130,49(1),32( )
20160913,135448056,135448056,132213000,830872.PT,830872,20160913,99996405,200,20000,66(B),0( ),728010,49(1),32( )
20160913,135448056,135448056,112207000,830875.PT,830875,20160913,99996826,64700,800000,83(S),0( ),720700,49(1),32( )
20160913,135448056,135448056,135119000,830904.PT,830904,20160913,99996077,200000,10000,83(S),0( ),723200,49(1),32( )
20160913,135448056,135448056,130002000,830907.PT,830907,20160913,99996658,165000,1000,83(S),0( ),722900,49(1),32( )
20160913,135448056,135448056,135240000,830926.PT,830926,20160913,99996062,30100,12000,83(S),0( ),720200,49(1),32( )
20160913,135448056,135448056,131828000,830986.PT,830986,20160913,99996450,11400,1000,66(B),0( ),721800,49(1),32( )
20160913,135448056,135448056,132146000,830993.PT,830993,20160913,99996408,360000,1000,83(S),0( ),723300,49(1),32( )
20160913,135448056,135448056,94036000,831001.PT,831001,20160913,99998784,108000,6000,83(S),0( ),723700,49(1),32( )
20160913,135448056,135448056,135032000,831046.PT,831046,20160913,99996085,15000,10000,66(B),0( ),725500,49(1),32( )
20160913,135448056,135448056,132541000,831054.PT,831054,20160913,99996359,112000,1000,83(S),0( ),722900,49(1),32( )
20160913,135448056,135448056,95120000,831092.PT,831092,20160913,99998355,290000,20000,83(S),0( ),722400,49(1),32( )
20160913,135448056,135448056,134947000,831095.PT,831095,20160913,99996094,73800,3000,83(S),0( ),722300,49(1),32( )
20160913,135448056,135448056,103344000,831100.PT,831100,20160913,99997426,90000,1000,83(S),0( ),722500,49(1),32( )
20160913,135448056,135448056,133629000,831110.PT,831110,20160913,99996234,10500,600000,83(S),0( ),721100,49(1),32( )
20160913,135448056,135448056,130000000,831123.PT,831123,20160913,99996723,65000,5000,83(S),0( ),728130,49(1),32( )
20160913,135448056,135448056,101019000,831128.PT,831128,20160913,99997838,12000,10000,83(S),0( ),721700,49(1),32( )
20160913,135448056,135448056,95434000,831132.PT,831132,20160913,99998260,580000,5000,83(S),0( ),724500,49(1),32( )
20160913,135448056,135448056,133354000,831136.PT,831136,20160913,99996267,270000,1000,83(S),0( ),722900,49(1),32( )
20160913,135448056,135448056,104001000,831139.PT,831139,20160913,99997342,29000,1000,66(B),0( ),725300,49(1),32( )
20160913,135448056,135448056,93215000,831155.PT,831155,20160913,99999187,20000,50000,83(S),0( ),720700,49(1),32( )
20160913,135448056,135448056,94929000,831169.PT,831169,20160913,99998423,60000,50000,83(S),0( ),721800,49(1),32( )
20160913,135448056,135448056,130000000,831182.PT,831182,20160913,99996747,55000,5000,83(S),0( ),727200,49(1),32( )
20160913,135448056,135448056,133958000,831184.PT,831184,20160913,99996190,150000,1000,66(B),0( ),722300,49(1),32( )
20160913,135448056,135448056,130001000,831211.PT,831211,20160913,99996675,99800,5000,83(S),0( ),721700,49(1),32( )
20160913,135448056,135448056,135256000,831216.PT,831216,20160913,99996058,10300,9000,83(S),0( ),721700,49(1),32( )
20160913,135448056,135448056,133749000,831235.PT,831235,20160913,99996211,130000,1000,83(S),0( ),722700,49(1),32( )
20160913,135448056,135448056,94059000,831238.PT,831238,20160913,99998768,88800,3000,83(S),0( ),727900,49(1),32( )
20160913,135448057,135448057,135146000,831289.PT,831289,20160913,99996073,33000,8000,83(S),0( ),724300,49(1),32( )
20160913,135448057,135448057,131433000,831300.PT,831300,20160913,99996482,30000,2000,83(S),0( ),724200,49(1),32( )
20160913,135448057,135448057,91510000,831302.PT,831302,20160913,99999629,200000,3000,83(S),0( ),723200,49(1),32( )
20160913,135448057,135448057,94218000,831321.PT,831321,20160913,99998714,89000,9000,83(S),0( ),721300,49(1),32( )
20160913,135448057,135448057,131926000,831334.PT,831334,20160913,99996438,200000,20000,83(S),0( ),723500,49(1),32( )
20160913,135448057,135448057,135034000,831336.PT,831336,20160913,99996083,28000,5000,83(S),0( ),720500,49(1),32( )
20160913,135448057,135448057,92436000,831337.PT,831337,20160913,99999376,14000,1000,66(B),0( ),723200,49(1),32( )
20160913,135448057,135448057,134814000,831344.PT,831344,20160913,99996111,151000,1000,66(B),0( ),720800,49(1),32( )
20160913,135448057,135448057,100000000,831351.PT,831351,20160913,99998107,31100,15000,66(B),0( ),721800,49(1),32( )
20160913,135448057,135448057,92910000,831355.PT,831355,20160913,99999299,110000,20000,83(S),0( ),721100,49(1),32( )
20160913,135448057,135448057,101654000,831358.PT,831358,20160913,99997717,68000,2000,83(S),0( ),725000,49(1),32( )
20160913,135448057,135448057,104959000,831391.PT,831391,20160913,99997217,80000,20000,83(S),0( ),720100,49(1),32( )
20160913,135448057,135448057,132807000,831402.PT,831402,20160913,99996335,148800,2000,83(S),0( ),720200,49(1),32( )
20160913,135448057,135448057,95830000,831419.PT,831419,20160913,99998149,13000,80000,83(S),0( ),721700,49(1),32( )
20160913,135448057,135448057,94847000,831420.PT,831420,20160913,99998450,106800,2000,83(S),0( ),721800,49(1),32( )
20160913,135448057,135448057,112207000,831434.PT,831434,20160913,99996825,111100,4000,83(S),0( ),720100,49(1),32( )
20160913,135448057,135448057,93430000,831440.PT,831440,20160913,99999061,208000,13000,83(S),0( ),722900,49(1),32( )
20160913,135448057,135448057,105509000,831442.PT,831442,20160913,99997154,103000,1000,66(B),0( ),721000,49(1),32( )
20160913,135448057,135448057,101352000,831445.PT,831445,20160913,99997766,51000,10000,83(S),0( ),727800,49(1),32( )
20160913,135448057,135448057,135104000,831450.PT,831450,20160913,99996079,25600,50000,66(B),0( ),720800,49(1),32( )
20160913,135448057,135448057,95604000,831459.PT,831459,20160913,99998211,85000,50000,83(S),0( ),720300,49(1),32( )
20160913,135448057,135448057,134702000,831475.PT,831475,20160913,99996119,105000,1000,83(S),0( ),724500,49(1),32( )
20160913,135448057,135448057,95515000,831489.PT,831489,20160913,99998240,30000,80000,83(S),0( ),723200,49(1),32( )
20160913,135448057,135448057,132919000,831501.PT,831501,20160913,99996314,49900,1000,83(S),0( ),721500,49(1),32( )
20160913,135448057,135448057,104157000,831507.PT,831507,20160913,99997310,30200,40000,66(B),0( ),727600,49(1),32( )
20160913,135448057,135448057,133440000,831522.PT,831522,20160913,99996260,105000,40000,83(S),0( ),720600,49(1),32( )
20160913,135448057,135448057,110836000,831532.PT,831532,20160913,99996974,10000,20000,66(B),0( ),721700,49(1),32( )
20160913,135448057,135448057,131049000,831556.PT,831556,20160913,99996527,11000,50000,66(B),0( ),721300,49(1),32( )
20160913,135448057,135448057,111508000,831569.PT,831569,20160913,99996889,118800,5000,83(S),0( ),724100,49(1),32( )
20160913,135448057,135448057,132653000,831571.PT,831571,20160913,99996346,21800,50000,83(S),0( ),724600,49(1),32( )
20160913,135448057,135448057,134512000,831577.PT,831577,20160913,99996135,10000,1000,66(B),0( ),725000,49(1),32( )
20160913,135448057,135448057,102516000,831619.PT,831619,20160913,99997586,29900,30000,83(S),0( ),726000,49(1),32( )
20160913,135448057,135448057,134617000,831633.PT,831633,20160913,99996125,27500,119000,83(S),0( ),720800,49(1),32( )
20160913,135448057,135448057,93927000,831648.PT,831648,20160913,99998834,48000,10000,83(S),0( ),727900,49(1),32( )
20160913,135448057,135448057,130306000,831654.PT,831654,20160913,99996610,66600,1000,83(S),0( ),721300,49(1),32( )
20160913,135448057,135448057,93844000,831668.PT,831668,20160913,99998867,19800,6000,83(S),0( ),721500,49(1),32( )
20160913,135448057,135448057,133930000,831671.PT,831671,20160913,99996194,10000,1000,66(B),0( ),721700,49(1),32( )
20160913,135448057,135448057,112954000,831690.PT,831690,20160913,99996767,20000,11000,83(S),0( ),721500,49(1),32( )
20160913,135448057,135448057,101231000,831693.PT,831693,20160913,99997791,100000,25000,83(S),0( ),728130,49(1),32( )
20160913,135448057,135448057,95151000,831696.PT,831696,20160913,99998342,21100,2000,83(S),0( ),721700,49(1),32( )
20160913,135448057,135448057,130000000,831731.PT,831731,20160913,99996751,121000,3000,83(S),0( ),723800,49(1),32( )
20160913,135448057,135448057,102428000,831778.PT,831778,20160913,99997601,30000,100000,83(S),0( ),725900,49(1),32( )
20160913,135448057,135448057,132137000,831796.PT,831796,20160913,99996411,65000,10000,83(S),0( ),728010,49(1),32( )
20160913,135448057,135448057,133619000,831822.PT,831822,20160913,99996236,20000,3000,66(B),0( ),726100,49(1),32( )
20160913,135448057,135448057,94054000,831856.PT,831856,20160913,99998772,81500,2000,83(S),0( ),721700,49(1),32( )
20160913,135448057,135448057,112452000,831858.PT,831858,20160913,99996806,100000,170000,83(S),0( ),721600,49(1),32( )
20160913,135448057,135448057,95137000,831874.PT,831874,20160913,99998349,60000,4000,83(S),0( ),722900,49(1),32( )
20160913,135448057,135448057,111438000,831877.PT,831877,20160913,99996897,35000,10000,66(B),0( ),721700,49(1),32( )
20160913,135448057,135448057,94735000,831893.PT,831893,20160913,99998492,35000,200000,83(S),0( ),727300,49(1),32( )
20160913,135448057,135448057,111113000,831898.PT,831898,20160913,99996943,165000,26000,83(S),0( ),723200,49(1),32( )
20160913,135448057,135448057,100452000,831904.PT,831904,20160913,99997976,30000,2000,83(S),0( ),724800,49(1),32( )
20160913,135448057,135448057,95948000,831905.PT,831905,20160913,99998109,72000,50000,83(S),0( ),727200,49(1),32( )
20160913,135448057,135448057,130658000,831913.PT,831913,20160913,99996580,68500,1000,83(S),0( ),721100,49(1),32( )
20160913,135448057,135448057,133931000,831922.PT,831922,20160913,99996193,90000,1000,83(S),0( ),727700,49(1),32( )
20160913,135448058,135448058,112627000,831946.PT,831946,20160913,99996791,23800,5000,83(S),0( ),721800,49(1),32( )
20160913,135448058,135448058,130001000,831955.PT,831955,20160913,99996680,10000,2000,66(B),0( ),728130,49(1),32( )
20160913,135448058,135448058,130054000,831962.PT,831962,20160913,99996623,187800,10000,83(S),0( ),728130,49(1),32( )
20160913,135448058,135448058,134432000,831964.PT,831964,20160913,99996145,55000,30000,83(S),0( ),724100,49(1),32( )
20160913,135448058,135448058,135026000,831981.PT,831981,20160913,99996086,32000,1000,83(S),0( ),723200,49(1),32( )
20160913,135448058,135448058,93755000,831985.PT,831985,20160913,99998910,110000,100000,83(S),0( ),726100,49(1),32( )
20160913,135448058,135448058,91500000,831990.PT,831990,20160913,99999957,85000,10000,83(S),0( ),722200,49(1),32( )
20160913,135448058,135448058,132045000,832010.PT,832010,20160913,99996421,66000,30000,83(S),0( ),721700,49(1),32( )
20160913,135448058,135448058,111044000,832012.PT,832012,20160913,99996950,10000,20000,66(B),0( ),721700,49(1),32( )
20160913,135448058,135448058,133458000,832015.PT,832015,20160913,99996257,200000,4000,83(S),0( ),722100,49(1),32( )
20160913,135448058,135448058,100256000,832017.PT,832017,20160913,99998022,25000,1000,83(S),0( ),727600,49(1),32( )
20160913,135448058,135448058,130005000,832040.PT,832040,20160913,99996626,349000,3000,83(S),0( ),724200,49(1),32( )
20160913,135448058,135448058,112115000,832044.PT,832044,20160913,99996837,10000,10000,66(B),0( ),721700,49(1),32( )
20160913,135448058,135448058,95157000,832072.PT,832072,20160913,99998339,100000,10000,83(S),0( ),722400,49(1),32( )
20160913,135448058,135448058,111015000,832093.PT,832093,20160913,99996959,103000,140000,83(S),0( ),723000,49(1),32( )
20160913,135448058,135448058,131929000,832094.PT,832094,20160913,99996436,58000,10000,83(S),0( ),721700,49(1),32( )
20160913,135448058,135448058,133714000,832099.PT,832099,20160913,99996221,108000,8000,66(B),0( ),724300,49(1),32( )
20160913,135448058,135448058,130001000,832108.PT,832108,20160913,99996664,550000,60000,83(S),0( ),723200,49(1),32( )
20160913,135448058,135448058,91907000,832125.PT,832125,20160913,99999515,100,1000,66(B),0( ),728130,49(1),32( )
20160913,135448058,135448058,112023000,832143.PT,832143,20160913,99996843,10000,20000,66(B),0( ),721700,49(1),32( )
20160913,135448058,135448058,111315000,832159.PT,832159,20160913,99996915,133000,3000,66(B),0( ),726100,49(1),32( )
20160913,135448058,135448058,92220000,832160.PT,832160,20160913,99999422,380000,7000,83(S),0( ),728130,49(1),32( )
20160913,135448058,135448058,135401000,832168.PT,832168,20160913,99996043,13400,1000,66(B),0( ),721700,49(1),32( )
20160913,135448058,135448058,130000000,832177.PT,832177,20160913,99996719,90000,93000,83(S),0( ),728130,49(1),32( )
20160913,135448058,135448058,132503000,832178.PT,832178,20160913,99996365,28000,1000,83(S),0( ),728130,49(1),32( )
20160913,135448058,135448058,102946000,832183.PT,832183,20160913,99997510,20000,1000,66(B),0( ),721800,49(1),32( )
20160913,135448058,135448058,104227000,832191.PT,832191,20160913,99997301,62000,48000,83(S),0( ),721700,49(1),32( )
20160913,135448058,135448058,135404000,832196.PT,832196,20160913,99996041,30000,5000,66(B),0( ),721300,49(1),32( )
20160913,135448058,135448058,93502000,832210.PT,832210,20160913,99999037,62000,2000,83(S),0( ),720700,49(1),32( )
20160913,135448058,135448058,134102000,832225.PT,832225,20160913,99996170,75000,142000,83(S),0( ),721700,49(1),32( )
20160913,135448058,135448058,103954000,832282.PT,832282,20160913,99997347,300000,10000,83(S),0( ),723300,49(1),32( )
20160913,135448058,135448058,133112000,832292.PT,832292,20160913,99996297,25000,5000,66(B),0( ),722900,49(1),32( )
20160913,135448058,135448058,101547000,832300.PT,832300,20160913,99997730,45000,100000,83(S),0( ),722700,49(1),32( )
20160913,135448058,135448058,102607000,832305.PT,832305,20160913,99997572,61300,50000,83(S),0( ),722700,49(1),32( )
20160913,135448058,135448058,130000000,832310.PT,832310,20160913,99996698,200000,2000,83(S),0( ),723200,49(1),32( )
20160913,135448058,135448058,95214000,832314.PT,832314,20160913,99998325,40000,50000,83(S),0( ),726800,49(1),32( )
20160913,135448058,135448058,132701000,832334.PT,832334,20160913,99996344,10000000,50000,83(S),0( ),723500,49(1),32( )
20160913,135448058,135448058,104744000,832336.PT,832336,20160913,99997243,19200,1000,83(S),0( ),721200,49(1),32( )
20160913,135448058,135448058,103317000,832344.PT,832344,20160913,99997435,220000,749000,83(S),0( ),721800,49(1),32( )
20160913,135448058,135448058,94736000,832346.PT,832346,20160913,99998490,20000,7000,83(S),0( ),721800,49(1),32( )
20160913,135448058,135448058,104257000,832358.PT,832358,20160913,99997294,59000,20000,83(S),0( ),723800,49(1),32( )
20160913,135448058,135448058,134840000,832373.PT,832373,20160913,99996107,38000,1000,66(B),0( ),723200,49(1),32( )
20160913,135448058,135448058,94640000,832382.PT,832382,20160913,99998532,60000,1000,83(S),0( ),721800,49(1),32( )
20160913,135448058,135448058,101015000,832389.PT,832389,20160913,99997841,48000,2000,66(B),0( ),721000,49(1),32( )
20160913,135448058,135448058,111950000,832391.PT,832391,20160913,99996846,189900,10000,83(S),0( ),723700,49(1),32( )
20160913,135448058,135448058,101746000,832398.PT,832398,20160913,99997706,40000,15200,83(S),0( ),722900,49(1),32( )
20160913,135448058,135448058,105626000,832407.PT,832407,20160913,99997136,131800,10000,83(S),0( ),724800,49(1),32( )
20160913,135448058,135448058,102846000,832409.PT,832409,20160913,99997532,148000,1000,83(S),0( ),724200,49(1),32( )
20160913,135448058,135448058,132549000,832413.PT,832413,20160913,99996355,10500,2000,83(S),0( ),727300,49(1),32( )
20160913,135448058,135448058,92233000,832431.PT,832431,20160913,99999412,93000,3000,83(S),0( ),723000,49(1),32( )
20160913,135448058,135448058,110026000,832445.PT,832445,20160913,99997066,180000,13000,83(S),0( ),727200,49(1),32( )
20160913,135448058,135448058,130744000,832452.PT,832452,20160913,99996563,65000,1000,83(S),0( ),723000,49(1),32( )
20160913,135448058,135448058,110144000,832457.PT,832457,20160913,99997049,20000,56000,83(S),0( ),721300,49(1),32( )
20160913,135448058,135448058,132609000,832459.PT,832459,20160913,99996351,19000,5000,83(S),0( ),728130,49(1),32( )
20160913,135448058,135448058,134029000,832468.PT,832468,20160913,99996180,85000,36000,83(S),0( ),721700,49(1),32( )
20160913,135448058,135448058,134833000,832469.PT,832469,20160913,99996108,80000,1000,83(S),0( ),720300,49(1),32( )
20160913,135448058,135448058,134729000,832479.PT,832479,20160913,99996116,70000,30000,83(S),0( ),723300,49(1),32( )
20160913,135448058,135448058,134456000,832482.PT,832482,20160913,99996139,16000,1000,66(B),0( ),720500,49(1),32( )
20160913,135448058,135448058,95333000,832517.PT,832517,20160913,99998290,16000,40000,66(B),0( ),723500,49(1),32( )
20160913,135448058,135448058,134505000,832540.PT,832540,20160913,99996137,136000,23000,83(S),0( ),728130,49(1),32( )
20160913,135448058,135448058,112135000,832543.PT,832543,20160913,99996832,41000,37000,83(S),0( ),723200,49(1),32( )
20160913,135448058,135448058,104255000,832548.PT,832548,20160913,99997295,200000,60000,83(S),0( ),721500,49(1),32( )
20160913,135448058,135448058,110259000,832562.PT,832562,20160913,99997038,23000,4000,66(B),0( ),721100,49(1),32( )
20160913,135448058,135448058,101426000,832564.PT,832564,20160913,99997755,98000,10000,83(S),0( ),722900,49(1),32( )
20160913,135448058,135448058,105941000,832565.PT,832565,20160913,99997087,10000,1000,66(B),0( ),723200,49(1),32( )
20160913,135448058,135448058,130002000,832580.PT,832580,20160913,99996660,160000,2000,66(B),0( ),720300,49(1),32( )
20160913,135448058,135448058,132839000,832595.PT,832595,20160913,99996325,400000,1000,83(S),0( ),723200,49(1),32( )
20160913,135448058,135448058,104938000,832597.PT,832597,20160913,99997222,35000,50000,83(S),0( ),722900,49(1),32( )
20160913,135448058,135448058,135233000,832622.PT,832622,20160913,99996065,10000,1000,66(B),0( ),725500,49(1),32( )
20160913,135448059,135448059,111531000,832634.PT,832634,20160913,99996884,30000,6000,66(B),0( ),722900,49(1),32( )
20160913,135448059,135448059,93724000,832646.PT,832646,20160913,99998935,122000,1000,83(S),0( ),723200,49(1),32( )
20160913,135448059,135448059,131504000,832653.PT,832653,20160913,99996478,108000,4000,83(S),0( ),720600,49(1),32( )
20160913,135448059,135448059,131256000,832654.PT,832654,20160913,99996501,22000,10000,83(S),0( ),721300,49(1),32( )
20160913,135448059,135448059,135134000,832666.PT,832666,20160913,99996075,21700,50000,66(B),0( ),720800,49(1),32( )
20160913,135448059,135448059,111506000,832706.PT,832706,20160913,99996890,100000,100000,83(S),0( ),720300,49(1),32( )
20160913,135448059,135448059,103229000,832718.PT,832718,20160913,99997450,101500,1000,83(S),0( ),722800,49(1),32( )
20160913,135448059,135448059,133539000,832784.PT,832784,20160913,99996247,20000,2000,66(B),0( ),721700,49(1),32( )
20160913,135448059,135448059,134218000,832792.PT,832792,20160913,99996161,46800,1000,83(S),0( ),721900,49(1),32( )
20160913,135448059,135448059,101432000,832800.PT,832800,20160913,99997752,22100,2000,66(B),0( ),720200,49(1),32( )
20160913,135448059,135448059,95609000,832803.PT,832803,20160913,99998207,70000,1000,83(S),0( ),721500,49(1),32( )
20160913,135448059,135448059,93217000,832809.PT,832809,20160913,99999182,37000,53000,83(S),0( ),723200,49(1),32( )
20160913,135448059,135448059,132446000,832814.PT,832814,20160913,99996373,63000,5000,83(S),0( ),723200,49(1),32( )
20160913,135448059,135448059,130000000,832839.PT,832839,20160913,99996706,16300,10000,83(S),0( ),724300,49(1),32( )
20160913,135448059,135448059,135017000,832899.PT,832899,20160913,99996088,99900,2000,83(S),0( ),721800,49(1),32( )
20160913,135448059,135448059,94117000,832900.PT,832900,20160913,99998755,1810000,1000,83(S),0( ),723900,49(1),32( )
20160913,135448059,135448059,91503000,832919.PT,832919,20160913,99999746,180000,50000,83(S),0( ),720300,49(1),32( )
20160913,135448059,135448059,134630000,832933.PT,832933,20160913,99996122,81000,8000,66(B),0( ),724300,49(1),32( )
20160913,135448059,135448059,131356000,832946.PT,832946,20160913,99996493,52000,1000,83(S),0( ),726800,49(1),32( )
20160913,135448059,135448059,101233000,832952.PT,832952,20160913,99997790,45200,2000,83(S),0( ),721800,49(1),32( )
20160913,135448059,135448059,133810000,832958.PT,832958,20160913,99996208,58600,2000,83(S),0( ),720500,49(1),32( )
20160913,135448059,135448059,133250000,832969.PT,832969,20160913,99996281,1200,36000,66(B),0( ),725000,49(1),32( )
20160913,135448059,135448059,134825000,832970.PT,832970,20160913,99996109,91500,2000,83(S),0( ),721900,49(1),32( )
20160913,135448059,135448059,130002000,832973.PT,832973,20160913,99996649,99900,1000,83(S),0( ),723200,49(1),32( )
20160913,135448059,135448059,91500000,832974.PT,832974,20160913,99999975,37100,1000,83(S),0( ),727700,49(1),32( )
20160913,135448059,135448059,93727000,833001.PT,833001,20160913,99998930,18000,956000,83(S),0( ),726100,49(1),32( )
20160913,135448059,135448059,135145000,833044.PT,833044,20160913,99996074,14500,50000,66(B),0( ),720800,49(1),32( )
20160913,135448059,135448059,100319000,833048.PT,833048,20160913,99998016,20000,2000,66(B),0( ),720100,49(1),32( )
20160913,135448059,135448059,130731000,833073.PT,833073,20160913,99996567,65000,3000,83(S),0( ),721300,49(1),32( )
20160913,135448059,135448059,131200000,833074.PT,833074,20160913,99996512,19900,1000,83(S),0( ),720800,49(1),32( )
20160913,135448059,135448059,92828000,833098.PT,833098,20160913,99999316,180000,4000,83(S),0( ),721700,49(1),32( )
20160913,135448059,135448059,102030000,833100.PT,833100,20160913,99997668,42000,10000,83(S),0( ),722600,49(1),32( )
20160913,135448059,135448059,95009000,833101.PT,833101,20160913,99998400,200000,2000,83(S),0( ),725000,49(1),32( )
20160913,135448059,135448059,91500000,833112.PT,833112,20160913,99999968,1000,500000,66(B),0( ),721300,49(1),32( )
20160913,135448059,135448059,93837000,833118.PT,833118,20160913,99998870,13500,1000000,83(S),0( ),720300,49(1),32( )
20160913,135448059,135448059,110619000,833137.PT,833137,20160913,99996999,170000,2000,83(S),0( ),727800,49(1),32( )
20160913,135448059,135448059,111337000,833140.PT,833140,20160913,99996909,75500,100000,83(S),0( ),726300,49(1),32( )
20160913,135448059,135448059,92431000,833143.PT,833143,20160913,99999377,37000,5000,83(S),0( ),726800,49(1),32( )
20160913,135448059,135448059,104408000,833145.PT,833145,20160913,99997276,55000,34000,83(S),0( ),728130,49(1),32( )
20160913,135448059,135448059,133755000,833147.PT,833147,20160913,99996209,110900,6000,83(S),0( ),722500,49(1),32( )
20160913,135448059,135448059,92045000,833157.PT,833157,20160913,99999469,388800,1000,83(S),0( ),722100,49(1),32( )
20160913,135448059,135448059,91500000,833187.PT,833187,20160913,99999871,37000,10000,83(S),0( ),724100,49(1),32( )
20160913,135448059,135448059,91501000,833192.PT,833192,20160913,99999845,160000,90000,83(S),0( ),727700,49(1),32( )
20160913,135448059,135448059,100926000,833215.PT,833215,20160913,99997861,77700,1000,66(B),0( ),721700,49(1),32( )
20160913,135448059,135448059,94246000,833218.PT,833218,20160913,99998692,370000,2000,83(S),0( ),726100,49(1),32( )
20160913,135448059,135448059,105453000,833222.PT,833222,20160913,99997158,37000,2000,66(B),0( ),721700,49(1),32( )
20160913,135448059,135448059,94608000,833224.PT,833224,20160913,99998550,100000,50000,83(S),0( ),724800,49(1),32( )
20160913,135448059,135448059,111619000,833225.PT,833225,20160913,99996879,19000,1000,83(S),0( ),721800,49(1),32( )
20160913,135448059,135448059,91503000,833229.PT,833229,20160913,99999744,69800,5000,83(S),0( ),721200,49(1),32( )
20160913,135448059,135448059,104217000,833233.PT,833233,20160913,99997305,28600,1000,83(S),0( ),721800,49(1),32( )
20160913,135448059,135448059,130003000,833278.PT,833278,20160913,99996645,20000,2000,66(B),0( ),721700,49(1),32( )
20160913,135448059,135448059,91500000,833281.PT,833281,20160913,99999885,88800,3000,83(S),0( ),726100,49(1),32( )
20160913,135448059,135448059,134436000,833306.PT,833306,20160913,99996143,54000,2000,83(S),0( ),722400,49(1),32( )
20160913,135448059,135448059,110405000,833308.PT,833308,20160913,99997020,45000,2000,83(S),0( ),725000,49(1),32( )
20160913,135448059,135448059,110110000,833321.PT,833321,20160913,99997056,100000,5000,83(S),0( ),721100,49(1),32( )
20160913,135448059,135448059,104439000,833341.PT,833341,20160913,99997272,16600,1000,66(B),0( ),721700,49(1),32( )
20160913,135448059,135448059,93131000,833371.PT,833371,20160913,99999225,117600,2000,83(S),0( ),721100,49(1),32( )
20160913,135448059,135448059,132815000,833377.PT,833377,20160913,99996329,62000,7000,66(B),0( ),723700,49(1),32( )
20160913,135448059,135448059,103209000,833417.PT,833417,20160913,99997455,98200,1000,83(S),0( ),720700,49(1),32( )
20160913,135448059,135448059,91501000,833418.PT,833418,20160913,99999818,77700,10000,66(B),0( ),721500,49(1),32( )
20160913,135448059,135448059,95046000,833429.PT,833429,20160913,99998375,240000,2000,66(B),0( ),721200,49(1),32( )
20160913,135448059,135448059,95244000,833431.PT,833431,20160913,99998311,21000,50000,83(S),0( ),723200,49(1),32( )
20160913,135448059,135448059,101929000,833457.PT,833457,20160913,99997682,250000,10000,83(S),0( ),720100,49(1),32( )
20160913,135448059,135448059,103726000,833462.PT,833462,20160913,99997380,36000,400000,83(S),0( ),725500,49(1),32( )
20160913,135448059,135448059,131711000,833491.PT,833491,20160913,99996458,30600,30000,66(B),0( ),724300,49(1),32( )
20160913,135448059,135448059,95422000,833496.PT,833496,20160913,99998268,10000,10000,66(B),0( ),723000,49(1),32( )
20160913,135448059,135448059,131207000,833506.PT,833506,20160913,99996509,97800,22000,83(S),0( ),720600,49(1),32( )
20160913,135448059,135448059,130000000,833531.PT,833531,20160913,99996708,61000,30000,83(S),0( ),724900,49(1),32( )
20160913,135448059,135448059,110354000,833538.PT,833538,20160913,99997022,90000,29000,83(S),0( ),723200,49(1),32( )
20160913,135448059,135448059,112538000,833553.PT,833553,20160913,99996800,50000,2000,83(S),0( ),720700,49(1),32( )
20160913,135448059,135448059,91502000,833566.PT,833566,20160913,99999768,60000,10000,66(B),0( ),721500,49(1),32( )
20160913,135448060,135448060,94128000,833575.PT,833575,20160913,99998749,84000,10000,83(S),0( ),727100,49(1),32( )
20160913,135448060,135448060,132544000,833601.PT,833601,20160913,99996357,59900,10000,66(B),0( ),724300,49(1),32( )
20160913,135448060,135448060,111130000,833616.PT,833616,20160913,99996940,11000,20000,66(B),0( ),721700,49(1),32( )
20160913,135448060,135448060,130002000,833633.PT,833633,20160913,99996661,260000,10000,83(S),0( ),721100,49(1),32( )
20160913,135448060,135448060,95721000,833662.PT,833662,20160913,99998177,19900,4000,83(S),0( ),721900,49(1),32( )
20160913,135448060,135448060,135349000,833677.PT,833677,20160913,99996045,25000,50000,66(B),0( ),720800,49(1),32( )
20160913,135448060,135448060,91500000,833680.PT,833680,20160913,99999869,70000,50000,83(S),0( ),724100,49(1),32( )
20160913,135448060,135448060,101416000,833711.PT,833711,20160913,99997758,22100,2000,66(B),0( ),720200,49(1),32( )
20160913,135448060,135448060,94713000,833718.PT,833718,20160913,99998512,36000,1000,83(S),0( ),721800,49(1),32( )
20160913,135448060,135448060,131351000,833727.PT,833727,20160913,99996495,30000,100000,66(B),0( ),720800,49(1),32( )
20160913,135448060,135448060,133733000,833732.PT,833732,20160913,99996216,50000,5000,66(B),0( ),725300,49(1),32( )
20160913,135448060,135448060,103816000,833738.PT,833738,20160913,99997367,214000,1000,83(S),0( ),721300,49(1),32( )
20160913,135448060,135448060,91501000,833745.PT,833745,20160913,99999816,40000,10000,66(B),0( ),721500,49(1),32( )
20160913,135448060,135448060,92124000,833760.PT,833760,20160913,99999450,65800,5000,83(S),0( ),722500,49(1),32( )
20160913,135448060,135448060,93642000,833763.PT,833763,20160913,99998958,31000,8000,83(S),0( ),720100,49(1),32( )
20160913,135448060,135448060,93541000,833789.PT,833789,20160913,99999005,79000,1000,83(S),0( ),720200,49(1),32( )
20160913,135448060,135448060,134241000,833790.PT,833790,20160913,99996158,34000,2000,66(B),0( ),722900,49(1),32( )
20160913,135448060,135448060,94346000,833804.PT,833804,20160913,99998652,88800,5000,83(S),0( ),728000,49(1),32( )
20160913,135448060,135448060,95544000,833825.PT,833825,20160913,99998223,40000,1000,83(S),0( ),721700,49(1),32( )
20160913,135448060,135448060,133357000,833833.PT,833833,20160913,99996266,48500,20000,66(B),0( ),721700,49(1),32( )
20160913,135448060,135448060,100048000,833838.PT,833838,20160913,99998084,208000,1000,83(S),0( ),726200,49(1),32( )
20160913,135448060,135448060,135116000,833840.PT,833840,20160913,99996078,26500,50000,66(B),0( ),720800,49(1),32( )
20160913,135448060,135448060,101234000,833841.PT,833841,20160913,99997789,189800,5000,83(S),0( ),725000,49(1),32( )
20160913,135448060,135448060,110015000,833849.PT,833849,20160913,99997071,150000,2000,83(S),0( ),720200,49(1),32( )
20160913,135448060,135448060,131143000,833851.PT,833851,20160913,99996515,70800,10000,83(S),0( ),722900,49(1),32( )
20160913,135448060,135448060,132327000,833868.PT,833868,20160913,99996389,62800,10000,66(B),0( ),722500,49(1),32( )
20160913,135448060,135448060,131837000,833877.PT,833877,20160913,99996449,23000,10000,66(B),0( ),724300,49(1),32( )
20160913,135448060,135448060,92843000,833894.PT,833894,20160913,99999308,500000,10000,66(B),0( ),721000,49(1),32( )
20160913,135448060,135448060,130000000,833901.PT,833901,20160913,99996764,17200,20000,83(S),0( ),726600,49(1),32( )
20160913,135448060,135448060,100221000,833904.PT,833904,20160913,99998043,100,8000,66(B),0( ),721000,49(1),32( )
20160913,135448060,135448060,92949000,833905.PT,833905,20160913,99999285,18000,12000,66(B),0( ),721000,49(1),32( )
20160913,135448060,135448060,102032000,833907.PT,833907,20160913,99997666,100000,31000,83(S),0( ),721100,49(1),32( )
20160913,135448060,135448060,130745000,833914.PT,833914,20160913,99996562,10000,3000,66(B),0( ),725300,49(1),32( )
20160913,135448060,135448060,94416000,833934.PT,833934,20160913,99998628,37800,15000,83(S),0( ),722900,49(1),32( )
20160913,135448060,135448060,105134000,833946.PT,833946,20160913,99997196,129900,10000,83(S),0( ),721500,49(1),32( )
20160913,135448060,135448060,111446000,833953.PT,833953,20160913,99996895,180000,100000,83(S),0( ),723500,49(1),32( )
20160913,135448060,135448060,134030000,833979.PT,833979,20160913,99996179,11000,10000,66(B),0( ),721800,49(1),32( )
20160913,135448060,135448060,91500000,833997.PT,833997,20160913,99999941,40000,20000,83(S),0( ),722700,49(1),32( )
20160913,135448060,135448060,134554000,834019.PT,834019,20160913,99996128,65800,1000,83(S),0( ),722500,49(1),32( )
20160913,135448060,135448060,103210000,834023.PT,834023,20160913,99997454,59500,100000,83(S),0( ),723000,49(1),32( )
20160913,135448060,135448060,95319000,834099.PT,834099,20160913,99998300,100,50000,66(B),0( ),727700,49(1),32( )
20160913,135448060,135448060,135032000,834102.PT,834102,20160913,99996084,45800,10000,83(S),0( ),722200,49(1),32( )
20160913,135448060,135448060,133745000,834122.PT,834122,20160913,99996212,30000,6000,66(B),0( ),723700,49(1),32( )
20160913,135448060,135448060,130001000,834124.PT,834124,20160913,99996669,65000,10000,83(S),0( ),721300,49(1),32( )
20160913,135448060,135448060,105949000,834134.PT,834134,20160913,99997084,100000,50000,83(S),0( ),724100,49(1),32( )
20160913,135448060,135448060,104101000,834148.PT,834148,20160913,99997325,80000,20000,83(S),0( ),723200,49(1),32( )
20160913,135448060,135448060,131236000,834155.PT,834155,20160913,99996506,184200,3000,83(S),0( ),724100,49(1),32( )
20160913,135448060,135448060,133927000,834175.PT,834175,20160913,99996195,69000,3000,83(S),0( ),721700,49(1),32( )
20160913,135448060,135448060,135200000,834214.PT,834214,20160913,99996071,26000,30000,66(B),0( ),720800,49(1),32( )
20160913,135448060,135448060,101532000,834254.PT,834254,20160913,99997734,38800,2000,83(S),0( ),721300,49(1),32( )
20160913,135448060,135448060,130000000,834257.PT,834257,20160913,99996754,58000,5000,83(S),0( ),721100,49(1),32( )
20160913,135448060,135448060,130000000,834263.PT,834263,20160913,99996739,10000,10000,83(S),0( ),722700,49(1),32( )
20160913,135448060,135448060,104846000,834278.PT,834278,20160913,99997232,11000,1000,66(B),0( ),721700,49(1),32( )
20160913,135448060,135448060,93616000,834293.PT,834293,20160913,99998978,580000,30000,83(S),0( ),723500,49(1),32( )
20160913,135448060,135448060,132952000,834299.PT,834299,20160913,99996306,80000,1000,66(B),0( ),723700,49(1),32( )
20160913,135448060,135448060,92934000,834338.PT,834338,20160913,99999290,500000,6000,83(S),0( ),723500,49(1),32( )
20160913,135448060,135448060,91502000,834347.PT,834347,20160913,99999767,58000,10000,83(S),0( ),721500,49(1),32( )
20160913,135448060,135448060,105819000,834360.PT,834360,20160913,99997110,151000,2000,66(B),0( ),723200,49(1),32( )
20160913,135448060,135448060,112543000,834401.PT,834401,20160913,99996798,320000,10000,83(S),0( ),720200,49(1),32( )
20160913,135448060,135448060,111057000,834404.PT,834404,20160913,99996946,45000,5000,83(S),0( ),724500,49(1),32( )
20160913,135448060,135448060,100756000,834426.PT,834426,20160913,99997902,200000,1000,83(S),0( ),720700,49(1),32( )
20160913,135448060,135448060,110754000,834449.PT,834449,20160913,99996984,60000,5000,66(B),0( ),721100,49(1),32( )
20160913,135448060,135448060,100053000,834467.PT,834467,20160913,99998080,20000,1000,66(B),0( ),721800,49(1),32( )
20160913,135448060,135448060,130000000,834477.PT,834477,20160913,99996738,169700,1000,83(S),0( ),722700,49(1),32( )
20160913,135448060,135448060,93535000,834496.PT,834496,20160913,99999013,300000,2000,83(S),0( ),727300,49(1),32( )
20160913,135448060,135448060,133008000,834499.PT,834499,20160913,99996305,72500,1000,83(S),0( ),724200,49(1),32( )
20160913,135448060,135448060,111720000,834530.PT,834530,20160913,99996867,10000,20000,66(B),0( ),721700,49(1),32( )
20160913,135448060,135448060,93316000,834533.PT,834533,20160913,99999127,46000,1000000,83(S),0( ),721700,49(1),32( )
20160913,135448060,135448060,93110000,834559.PT,834559,20160913,99999238,480000,1000,83(S),0( ),720100,49(1),32( )
20160913,135448060,135448060,130000000,834572.PT,834572,20160913,99996746,87600,5000,83(S),0( ),723400,49(1),32( )
20160913,135448060,135448060,101133000,834596.PT,834596,20160913,99997813,61000,90000,83(S),0( ),722200,49(1),32( )
20160913,135448060,135448060,135239000,834607.PT,834607,20160913,99996063,100000,50000,83(S),0( ),720700,49(1),32( )
20160913,135448060,135448060,135302000,834635.PT,834635,20160913,99996056,58000,25000,66(B),0( ),720300,49(1),32( )
20160913,135448060,135448060,100051000,834639.PT,834639,20160913,99998081,124500,39000,83(S),0( ),721100,49(1),32( )
20160913,135448060,135448060,110651000,834641.PT,834641,20160913,99996994,40000,10000,66(B),0( ),721700,49(1),32( )
20160913,135448060,135448060,94121000,834656.PT,834656,20160913,99998753,95000,2000,83(S),0( ),720200,49(1),32( )
20160913,135448060,135448060,134717000,834661.PT,834661,20160913,99996117,12500,16000,66(B),0( ),723200,49(1),32( )
20160913,135448060,135448060,100643000,834668.PT,834668,20160913,99997934,38800,2000,66(B),0( ),720200,49(1),32( )
20160913,135448060,135448060,130005000,834670.PT,834670,20160913,99996628,1285600,5000,83(S),0( ),721800,49(1),32( )
20160913,135448060,135448060,134534000,834679.PT,834679,20160913,99996133,30000,5000,66(B),0( ),725900,49(1),32( )
20160913,135448060,135448060,130000000,834682.PT,834682,20160913,99996750,85000,20000,83(S),0( ),727200,49(1),32( )
20160913,135448060,135448060,102711000,834695.PT,834695,20160913,99997552,66000,5000,83(S),0( ),722100,49(1),32( )
20160913,135448060,135448060,132229000,834759.PT,834759,20160913,99996400,65000,100000,83(S),0( ),725800,49(1),32( )
20160913,135448061,135448061,95906000,834896.PT,834896,20160913,99998127,180000,50000,83(S),0( ),721500,49(1),32( )
20160913,135448061,135448061,132812000,834898.PT,834898,20160913,99996332,85100,1000,66(B),0( ),723200,49(1),32( )
20160913,135448061,135448061,103636000,834933.PT,834933,20160913,99997399,48000,10000,83(S),0( ),720200,49(1),32( )
20160913,135448061,135448061,130102000,834947.PT,834947,20160913,99996622,110000,11000,66(B),0( ),724000,49(1),32( )
20160913,135448061,135448061,112747000,834959.PT,834959,20160913,99996781,95000,50000,83(S),0( ),721500,49(1),32( )
20160913,135448061,135448061,132708000,834961.PT,834961,20160913,99996343,100000,2000,66(B),0( ),723700,49(1),32( )
20160913,135448061,135448061,95638000,834969.PT,834969,20160913,99998195,15200,3000,83(S),0( ),721700,49(1),32( )
20160913,135448061,135448061,130339000,834980.PT,834980,20160913,99996608,86600,1000,66(B),0( ),720200,49(1),32( )
20160913,135448061,135448061,134938000,835003.PT,835003,20160913,99996097,190000,5000,83(S),0( ),722200,49(1),32( )
20160913,135448061,135448061,102445000,835011.PT,835011,20160913,99997592,80000,10000,83(S),0( ),727600,49(1),32( )
20160913,135448061,135448061,131201000,835015.PT,835015,20160913,99996511,155800,3000,83(S),0( ),721800,49(1),32( )
20160913,135448061,135448061,101316000,835035.PT,835035,20160913,99997774,42000,100000,83(S),0( ),721300,49(1),32( )
20160913,135448061,135448061,104333000,835037.PT,835037,20160913,99997287,140000,50000,83(S),0( ),722000,49(1),32( )
20160913,135448061,135448061,93346000,835042.PT,835042,20160913,99999104,60000,10000,83(S),0( ),720600,49(1),32( )
20160913,135448061,135448061,103340000,835057.PT,835057,20160913,99997428,100000,200000,83(S),0( ),722500,49(1),32( )
20160913,135448061,135448061,101455000,835066.PT,835066,20160913,99997746,22100,2000,66(B),0( ),720200,49(1),32( )
20160913,135448061,135448061,130000000,835094.PT,835094,20160913,99996729,120000,15000,83(S),0( ),725800,49(1),32( )
20160913,135448061,135448061,95404000,835103.PT,835103,20160913,99998277,100,80000,66(B),0( ),727700,49(1),32( )
20160913,135448061,135448061,95230000,835120.PT,835120,20160913,99998319,75000,10000,83(S),0( ),726800,49(1),32( )
20160913,135448061,135448061,94258000,835159.PT,835159,20160913,99998685,98000,50000,83(S),0( ),720200,49(1),32( )
20160913,135448061,135448061,100014000,835181.PT,835181,20160913,99998104,75000,10000,83(S),0( ),720600,49(1),32( )
20160913,135448061,135448061,93417000,835198.PT,835198,20160913,99999073,29200,80000,83(S),0( ),722900,49(1),32( )
20160913,135448061,135448061,134035000,835239.PT,835239,20160913,99996177,153000,20000,66(B),0( ),722500,49(1),32( )
20160913,135448061,135448061,112757000,835247.PT,835247,20160913,99996779,200000,10000,83(S),0( ),720200,49(1),32( )
20160913,135448061,135448061,93818000,835317.PT,835317,20160913,99998888,99900,4000,83(S),0( ),722600,49(1),32( )
20160913,135448061,135448061,131238000,835330.PT,835330,20160913,99996504,42000,47000,83(S),0( ),721300,49(1),32( )
20160913,135448061,135448061,131238000,835342.PT,835342,20160913,99996503,105000,3000,83(S),0( ),720600,49(1),32( )
20160913,135448061,135448061,100820000,835393.PT,835393,20160913,99997890,37800,20000,83(S),0( ),725000,49(1),32( )
20160913,135448061,135448061,93735000,835409.PT,835409,20160913,99998924,132300,20000,66(B),0( ),723400,49(1),32( )
20160913,135448061,135448061,100333000,835431.PT,835431,20160913,99998008,250000,207251,83(S),0( ),722100,49(1),32( )
20160913,135448061,135448061,111601000,835508.PT,835508,20160913,99996880,83900,1000,83(S),0( ),720800,49(1),32( )
20160913,135448061,135448061,105443000,835521.PT,835521,20160913,99997161,23000,49000,83(S),0( ),721100,49(1),32( )
20160913,135448061,135448061,92622000,835557.PT,835557,20160913,99999356,53800,12000,83(S),0( ),721000,49(1),32( )
20160913,135448061,135448061,103854000,835566.PT,835566,20160913,99997360,51500,2000,83(S),0( ),726200,49(1),32( )
20160913,135448061,135448061,132529000,835574.PT,835574,20160913,99996362,54000,6000,83(S),0( ),722200,49(1),32( )
20160913,135448061,135448061,134502000,835577.PT,835577,20160913,99996138,250000,1000,66(B),0( ),723200,49(1),32( )
20160913,135448061,135448061,104039000,835591.PT,835591,20160913,99997329,88800,12000,83(S),0( ),721300,49(1),32( )
20160913,135448061,135448061,132853000,835600.PT,835600,20160913,99996320,65000,50000,83(S),0( ),720200,49(1),32( )
20160913,135448061,135448061,94924000,835611.PT,835611,20160913,99998427,17000,1000,66(B),0( ),722600,49(1),32( )
20160913,135448061,135448061,100603000,835626.PT,835626,20160913,99997949,10800,2000,66(B),0( ),720100,49(1),32( )
20160913,135448061,135448061,132220000,835663.PT,835663,20160913,99996404,170000,10000,83(S),0( ),721100,49(1),32( )
20160913,135448061,135448061,130000000,835801.PT,835801,20160913,99996715,200000,1000,66(B),0( ),721700,49(1),32( )
20160913,135448061,135448061,94814000,835813.PT,835813,20160913,99998464,65000,17000,83(S),0( ),723300,49(1),32( )
20160913,135448061,135448061,131339000,835834.PT,835834,20160913,99996496,150000,1000,83(S),0( ),722700,49(1),32( )
20160913,135448061,135448061,93514000,835847.PT,835847,20160913,99999029,179000,20000,83(S),0( ),721100,49(1),32( )
20160913,135448061,135448061,130303000,835876.PT,835876,20160913,99996611,35000,3000,66(B),0( ),720100,49(1),32( )
20160913,135448061,135448061,135400000,835902.PT,835902,20160913,99996044,20300,50000,66(B),0( ),720800,49(1),32( )
20160913,135448061,135448061,102323000,835907.PT,835907,20160913,99997620,70000,30000,83(S),0( ),721200,49(1),32( )
20160913,135448061,135448061,101553000,835912.PT,835912,20160913,99997728,22100,2000,66(B),0( ),720200,49(1),32( )
20160913,135448061,135448061,100252000,835929.PT,835929,20160913,99998024,86000,10000,83(S),0( ),727700,49(1),32( )
20160913,135448061,135448061,132525000,835941.PT,835941,20160913,99996363,145000,11000,83(S),0( ),720800,49(1),32( )
20160913,135448061,135448061,130000000,835944.PT,835944,20160913,99996718,60000,1000,83(S),0( ),728130,49(1),32( )
20160913,135448061,135448061,103315000,835987.PT,835987,20160913,99997437,15000,3000,66(B),0( ),720100,49(1),32( )
20160913,135448061,135448061,130001000,836019.PT,836019,20160913,99996674,60000,100000,66(B),0( ),721700,49(1),32( )
20160913,135448061,135448061,134636000,836035.PT,836035,20160913,99996120,180000,6000,83(S),0( ),728130,49(1),32( )
20160913,135448061,135448061,91504000,836052.PT,836052,20160913,99999728,40000,50000,83(S),0( ),720300,49(1),32( )
20160913,135448061,135448061,105739000,836053.PT,836053,20160913,99997120,120000,2000,83(S),0( ),721200,49(1),32( )
20160913,135448061,135448061,100445000,836222.PT,836222,20160913,99997978,11500,10000,83(S),0( ),720700,49(1),32( )
20160913,135448061,135448061,102155000,836277.PT,836277,20160913,99997644,175000,2000,83(S),0( ),720700,49(1),32( )
20160913,135448061,135448061,91628000,836298.PT,836298,20160913,99999584,55000,30000,83(S),0( ),724800,49(1),32( )
20160913,135448061,135448061,103111000,836431.PT,836431,20160913,99997479,36800,10000,66(B),0( ),722900,49(1),32( )
20160913,135448061,135448061,95722000,836455.PT,836455,20160913,99998175,142000,2000,83(S),0( ),722700,49(1),32( )
20160913,135448061,135448061,130944000,836460.PT,836460,20160913,99996536,40000,8000,66(B),0( ),723700,49(1),32( )
20160913,135448061,135448061,92058000,836514.PT,836514,20160913,99999463,68500,100000,83(S),0( ),721300,49(1),32( )
20160913,135448061,135448061,93556000,836536.PT,836536,20160913,99998993,70000,10000,83(S),0( ),724500,49(1),32( )
20160913,135448061,135448061,95654000,836570.PT,836570,20160913,99998186,55000,5000,66(B),0( ),728130,49(1),32( )
20160913,135448061,135448061,94207000,836608.PT,836608,20160913,99998719,82000,1000,83(S),0( ),725000,49(1),32( )
20160913,135448061,135448061,131808000,836610.PT,836610,20160913,99996452,295000,1000,83(S),0( ),721100,49(1),32( )
20160913,135448061,135448061,95442000,836612.PT,836612,20160913,99998259,70000,10000,83(S),0( ),723700,49(1),32( )
20160913,135448061,135448061,131435000,836614.PT,836614,20160913,99996481,80000,1000,83(S),0( ),726800,49(1),32( )
20160913,135448061,135448061,92941000,836645.PT,836645,20160913,99999287,125000,1000,66(B),0( ),726800,49(1),32( )
20160913,135448061,135448061,134712000,836651.PT,836651,20160913,99996118,13000,2000,66(B),0( ),721700,49(1),32( )
20160913,135448061,135448061,103947000,836686.PT,836686,20160913,99997349,50000,20000,66(B),0( ),720200,49(1),32( )
20160913,135448061,135448061,91500000,836708.PT,836708,20160913,99999940,59400,1000,83(S),0( ),720700,49(1),32( )
20160913,135448061,135448061,92135000,836709.PT,836709,20160913,99999448,251500,10000,83(S),0( ),722500,49(1),32( )
20160913,135448061,135448061,130604000,836713.PT,836713,20160913,99996593,80000,2000,66(B),0( ),723700,49(1),32( )
20160913,135448061,135448061,112318000,836734.PT,836734,20160913,99996815,10000,22000,66(B),0( ),721700,49(1),32( )
20160913,135448061,135448061,101106000,836829.PT,836829,20160913,99997824,100000,1000,66(B),0( ),720200,49(1),32( )
20160913,135448061,135448061,130004000,836855.PT,836855,20160913,99996630,128900,3000,83(S),0( ),721800,49(1),32( )
20160913,135448061,135448061,134621000,836856.PT,836856,20160913,99996124,77900,5000,83(S),0( ),725000,49(1),32( )
20160913,135448061,135448061,130000000,836866.PT,836866,20160913,99996745,35000,10000,83(S),0( ),723400,49(1),32( )
20160913,135448061,135448061,94503000,837003.PT,837003,20160913,99998590,49900,94808,83(S),0( ),725900,49(1),32( )
20160913,135448061,135448061,112241000,837059.PT,837059,20160913,99996818,10000,20000,66(B),0( ),721700,49(1),32( )
20160913,135448061,135448061,103055000,837097.PT,837097,20160913,99997486,6000,3000,66(B),0( ),720100,49(1),32( )
20160913,135448061,135448061,91500000,837109.PT,837109,20160913,99999851,120000,10000,83(S),0( ),723300,49(1),32( )
20160913,135448061,135448061,134005000,837141.PT,837141,20160913,99996187,357100,50000,83(S),0( ),720100,49(1),32( )
20160913,135448061,135448061,131438000,837204.PT,837204,20160913,99996480,200,30000,66(B),0( ),721000,49(1),32( )
20160913,135448061,135448061,111434000,837233.PT,837233,20160913,99996898,100000,10000,83(S),0( ),721700,49(1),32( )
20160913,135448061,135448061,101937000,837314.PT,837314,20160913,99997681,38800,3000,83(S),0( ),721300,49(1),32( )
20160913,135448061,135448061,132823000,837416.PT,837416,20160913,99996328,30000,100000,66(B),0( ),720800,49(1),32( )
20160913,135448061,135448061,133324000,837421.PT,837421,20160913,99996274,102800,1000,83(S),0( ),721700,49(1),32( )
20160913,135448061,135448061,95056000,837461.PT,837461,20160913,99998369,100,20000,66(B),0( ),727700,49(1),32( )
20160913,135448061,135448061,94728000,837470.PT,837470,20160913,99998501,43000,10000,66(B),0( ),721800,49(1),32( )
20160913,135448061,135448061,130003000,837480.PT,837480,20160913,99996639,800000,10000,83(S),0( ),721800,49(1),32( )
20160913,135448061,135448061,101334000,837504.PT,837504,20160913,99997768,201200,2000,83(S),0( ),721800,49(1),32( )
20160913,135448061,135448061,105556000,837638.PT,837638,20160913,99997143,340000,1000,83(S),0( ),726200,49(1),32( )
20160913,135448061,135448061,95330000,837675.PT,837675,20160913,99998292,99900,1000,83(S),0( ),722300,49(1),32( )
20160913,135448061,135448061,132655000,837858.PT,837858,20160913,99996345,250000,10000,83(S),0( ),721300,49(1),32( )
20160913,135448061,135448061,132933000,837914.PT,837914,20160913,99996310,25800,80000,66(B),0( ),720800,49(1),32( )
20160913,135448061,135448061,91500000,837960.PT,837960,20160913,99999956,120000,10000,83(S),0( ),723400,49(1),32( )
20160913,135448062,135448062,131916000,838075.PT,838075,20160913,99996442,66800,8000,66(B),0( ),720800,49(1),32( )
20160913,135448062,135448062,132406000,838220.PT,838220,20160913,99996383,120000,5000,83(S),0( ),726000,49(1),32( )
20160913,135448062,135448062,92849000,838282.PT,838282,20160913,99999307,81800,1000,83(S),0( ),721500,49(1),32( )
20160913,135448062,135448062,131902000,838349.PT,838349,20160913,99996445,51500,5000,83(S),0( ),720800,49(1),32( )
20160913,135448062,135448062,134122000,838393.PT,838393,20160913,99996167,85000,1000,83(S),0( ),723200,49(1),32( )
20160913,135448062,135448062,95143000,838399.PT,838399,20160913,99998345,200,50000,66(B),0( ),727700,49(1),32( )
20160913,135448062,135448062,105902000,838495.PT,838495,20160913,99997098,87700,40000,83(S),0( ),721300,49(1),32( )
20160913,135448062,135448062,102550000,838517.PT,838517,20160913,99997577,80000,10000,83(S),0( ),721000,49(1),32( )
20160913,135448062,135448062,131848000,838546.PT,838546,20160913,99996447,700000,1000,83(S),0( ),721300,49(1),32( )
20160913,135448062,135448062,130001000,838608.PT,838608,20160913,99996685,15000,20000,83(S),0( ),726100,49(1),32( )
20160913,135448062,135448062,102536000,838677.PT,838677,20160913,99997582,23500,50000,83(S),0( ),727600,49(1),32( )
20160913,135448062,135448062,131510000,838680.PT,838680,20160913,99996474,22000,68000,66(B),0( ),720800,49(1),32( )
20160913,135448062,135448062,91500000,838849.PT,838849,20160913,99999927,46000,1000,83(S),0( ),728000,49(1),32( )
20160913,135448062,135448062,93803000,838865.PT,838865,20160913,99998901,105800,2000,83(S),0( ),722600,49(1),32( )
20160913,135448062,135448062,111338000,839181.PT,839181,20160913,99996908,120000,8000,83(S),0( ),721100,49(1),32( )
20160913,135448282,135448282,135413000,831450.PT,831450,20160913,99996040,35600,50000,66(B),0( ),720800,49(1),32( )
20160913,135448282,135448282,135414000,832469.PT,832469,20160913,99996039,77700,1000,83(S),0( ),722200,49(1),32( )
20160913,135448282,135448282,135415000,430207.PT,430207,20160913,99996038,89600,1000,83(S),0( ),725000,49(1),32( )
20160913,135448282,135448282,135420000,833840.PT,833840,20160913,99996037,40100,100000,66(B),0( ),725900,49(1),32( )
20160913,135448282,135448282,135424000,832196.PT,832196,20160913,99996036,29100,8000,66(B),0( ),721100,49(1),32( )
20160913,135448282,135448282,135428000,831796.PT,831796,20160913,99996035,9700,1000,66(B),0( ),723300,49(1),32( )
20160913,135448282,135448282,135428000,833840.PT,833840,20160913,99996034,36500,50000,66(B),0( ),720800,49(1),32( )
